{
  "split": {
    "max_day": 1913,
    "val_start_day": 1886,
    "val_days": 28,
    "val_rows": 8400
  },
  "naive_lag7": {
    "MAE": 4.257619047619047,
    "RMSE": 7.118704403257125,
    "WAPE": 0.6348113174056587
  },
  "catboost": {
    "MAE": 3.1851654227021604,
    "RMSE": 5.078485488683368,
    "WAPE": 0.47490840197909306
  },
  "catboost_by_day": {
    "d_1886": {
      "MAE": 3.0548867008820904,
      "RMSE": 4.813990774135396,
      "WAPE": 0.5276142833993248
    },
    "d_1887": {
      "MAE": 3.0362276179509182,
      "RMSE": 6.196348900259335,
      "WAPE": 0.49342810692593475
    },
    "d_1888": {
      "MAE": 2.684180710386292,
      "RMSE": 4.048298769771635,
      "WAPE": 0.5690842495518641
    },
    "d_1889": {
      "MAE": 3.158868791515766,
      "RMSE": 5.992242930425504,
      "WAPE": 0.503271713996139
    },
    "d_1890": {
      "MAE": 3.3740619011908173,
      "RMSE": 5.023166077614867,
      "WAPE": 0.4615679755390995
    },
    "d_1891": {
      "MAE": 3.7783302938123224,
      "RMSE": 5.836159813961877,
      "WAPE": 0.41981447709025804
    },
    "d_1892": {
      "MAE": 3.9831272728726996,
      "RMSE": 6.318551929354038,
      "WAPE": 0.4047893569992581
    },
    "d_1893": {
      "MAE": 3.4107584465921184,
      "RMSE": 6.1961433700088655,
      "WAPE": 0.4590522808333941
    },
    "d_1894": {
      "MAE": 3.160078383575782,
      "RMSE": 5.13661948169677,
      "WAPE": 0.5223270055497161
    },
    "d_1895": {
      "MAE": 2.977029085337833,
      "RMSE": 4.412131512517727,
      "WAPE": 0.5165464000007808
    },
    "d_1896": {
      "MAE": 2.965884382148759,
      "RMSE": 4.1858355067186555,
      "WAPE": 0.5947629108587084
    },
    "d_1897": {
      "MAE": 3.3082481669471155,
      "RMSE": 5.747460912768149,
      "WAPE": 0.45318468040371446
    },
    "d_1898": {
      "MAE": 3.5051903884538516,
      "RMSE": 4.908470080334545,
      "WAPE": 0.3974138762419333
    },
    "d_1899": {
      "MAE": 4.292357204898857,
      "RMSE": 7.169816307809419,
      "WAPE": 0.49949851104331144
    },
    "d_1900": {
      "MAE": 3.3275200441065484,
      "RMSE": 5.848987787356133,
      "WAPE": 0.5161613305232495
    },
    "d_1901": {
      "MAE": 2.9202769547748266,
      "RMSE": 4.554685479755187,
      "WAPE": 0.5879752257935893
    },
    "d_1902": {
      "MAE": 2.5247412934799534,
      "RMSE": 3.6399236856349453,
      "WAPE": 0.5311517447713786
    },
    "d_1903": {
      "MAE": 2.8866221771957847,
      "RMSE": 4.223864065547751,
      "WAPE": 0.5594229025573226
    },
    "d_1904": {
      "MAE": 2.7130576161227546,
      "RMSE": 3.8446742337529387,
      "WAPE": 0.4756968350887355
    },
    "d_1905": {
      "MAE": 3.4947408041451764,
      "RMSE": 4.97097941981035,
      "WAPE": 0.43539129619748873
    },
    "d_1906": {
      "MAE": 3.645503619718468,
      "RMSE": 5.6094050104946085,
      "WAPE": 0.3987061924591835
    },
    "d_1907": {
      "MAE": 3.0226137589892677,
      "RMSE": 4.8783118115711455,
      "WAPE": 0.48336040922003215
    },
    "d_1908": {
      "MAE": 2.6869988849598627,
      "RMSE": 4.05896553253473,
      "WAPE": 0.4847261969260125
    },
    "d_1909": {
      "MAE": 2.788268052128794,
      "RMSE": 4.388316125952526,
      "WAPE": 0.5134931956038294
    },
    "d_1910": {
      "MAE": 2.7723593345903175,
      "RMSE": 3.9544946244031967,
      "WAPE": 0.4974328949623776
    },
    "d_1911": {
      "MAE": 2.905458369454803,
      "RMSE": 4.1414549776553855,
      "WAPE": 0.48103615388324555
    },
    "d_1912": {
      "MAE": 3.471207008601234,
      "RMSE": 4.752519226774616,
      "WAPE": 0.4392079724084227
    },
    "d_1913": {
      "MAE": 3.3360345708276253,
      "RMSE": 5.182523877012191,
      "WAPE": 0.3782352121119757
    }
  }
}