{
  "split": {
    "max_day": 1913,
    "val_start_day": 1886,
    "val_days": 28,
    "train_rows": 557100,
    "val_rows": 8400
  },
  "naive_lag7": {
    "MAE": 4.257619047619047,
    "RMSE": 7.118704403257125,
    "WAPE": 0.6348113174056587
  },
  "catboost": {
    "MAE": 3.1851654227021604,
    "RMSE": 5.078485488683368,
    "WAPE": 0.47490840197909306
  }
}